period_label,Spread_Mean,Spread_Median,Volume_Mean,Volume_Median,N_Obs,Spread_Change_%,Volume_Change_%
christmas,0.017284,0.011619,750599.436798,127952.0,2136,16.28,3.05
control_year,0.014864,0.010437,728352.300191,129768.0,34528,0.0,0.0
post_christmas,0.017281,0.012212,750268.917503,132715.0,897,16.26,3.01
post_easter,0.014805,0.011243,709344.748713,158705.0,971,-0.4,-2.61
pre_christmas,0.016195,0.010901,674224.968366,125053.0,1138,8.95,-7.43
pre_easter,0.014409,0.010405,619102.659309,110863.0,1042,-3.06,-15.0
summer_excl_holiday,0.014249,0.010113,687820.60711,121268.5,11026,-4.14,-5.56
summer_holiday,0.0128,0.009796,574148.730505,98698.0,3206,-13.89,-21.17
