period_label,Spread_Mean,Spread_Median,Volume_Mean,Volume_Median,N_Obs,Spread_Change_%,Volume_Change_%
christmas,0.017456,0.011798,761404.80324,128548.0,2099,16.57,3.3
control_year,0.014975,0.010543,737102.818046,131220.0,34025,0.0,0.0
post_christmas,0.017469,0.012414,759563.855204,133376.0,884,16.65,3.05
post_easter,0.014923,0.011345,719232.690052,163954.0,955,-0.35,-2.42
pre_christmas,0.016377,0.011121,683680.949866,125030.0,1117,9.36,-7.25
pre_easter,0.014495,0.010445,627659.034113,113534.5,1026,-3.21,-14.85
summer_excl_holiday,0.014354,0.010213,696336.994017,123314.0,10864,-4.15,-5.53
summer_holiday,0.012873,0.009899,580166.968088,98922.0,3165,-14.04,-21.29
