Model,Summer Coef,Summer P-val,R-squared
Model 2 (OLS),-0.0015102394312101171,4.878195995880569e-07,0.13899587710863237
Model 3 (Stock FE),-0.0013325230917998496,1.3147145141845388e-06,0.2542272521506208
Model 4 (Panel FE),-0.0013325230918005192,1.1376626576353743e-06,0.05603030449610369
