Cap_Group,Spread_Mean,Spread_Median,Spread_Std,Volume_Mean,Volume_Median,N_Stocks
Large Cap,0.011279,0.008996,0.009518,1190780.05334,423292.0,28
Mid Cap,0.016013,0.011071,0.016793,436790.970115,39575.0,26
Small Cap,0.018948,0.013665,0.01923,348669.954697,48604.5,23
