Cap_Group,Spread_Mean,Spread_Median,Spread_Std,Volume_Mean,Volume_Median,N_Stocks
Large Cap,0.012159,0.009567,0.010714,1276428.792068,496458.0,30
Mid Cap,0.017079,0.012009,0.017817,492014.705693,58792.0,30
Small Cap,0.020989,0.015222,0.021036,399912.660644,57289.0,30
